"Week","1","2"
35,0.515625,5.33333333333333
36,0.571428571428571,2.91666666666667
37,0.721698113207547,2.83730158730159
38,1.76666666666667,2.77685950413223
